aX,aY,aZ,gX,gY,gZ
-0.328,-0.488,3.560,-146.912,-59.875,-25.818
-0.490,-0.264,3.431,-323.914,53.650,-23.499
-0.452,-0.186,3.140,-460.388,177.185,-52.856
-0.239,-0.069,2.547,-508.423,204.712,-76.294
-0.164,0.004,2.343,-579.224,223.206,-123.535
-0.324,-0.121,1.667,-612.244,242.310,-149.414
-0.475,-0.461,0.514,-646.973,323.181,-216.675
-0.402,-0.645,0.029,-632.202,356.995,-251.465
-0.036,-0.902,-0.488,-586.853,346.863,-292.847
0.083,-0.986,-0.545,-546.753,245.361,-271.118
0.117,-0.910,-0.852,-505.005,213.684,-236.755
0.163,-0.744,-1.059,-365.540,220.459,-148.926
0.151,-0.727,-1.030,-295.227,208.740,-109.131
-0.034,-0.879,-0.901,-239.807,143.066,-52.856
-0.097,-0.842,-1.000,-254.761,91.003,-41.077
-0.139,-0.709,-1.347,-250.977,73.730,-49.316
-0.101,-0.668,-1.539,-198.486,49.438,-70.007
0.132,-0.609,-1.948,-145.142,41.260,-73.303
0.423,-0.612,-1.880,-10.803,25.879,-50.842
0.514,-0.624,-1.668,86.914,-3.845,0.305
0.583,-0.503,-1.265,112.366,-25.024,26.001
0.584,-0.379,-1.128,139.526,-73.181,57.678
0.587,-0.137,-0.958,148.010,-92.651,63.538
0.625,-0.004,-0.858,166.260,-108.704,67.139
0.653,0.033,-0.797,187.500,-104.858,74.707
0.690,0.108,-0.588,194.519,-103.088,81.909
0.688,0.146,-0.448,196.594,-105.408,95.764
0.642,0.236,-0.215,190.124,-106.445,98.267
0.619,0.279,-0.164,166.870,-103.882,90.027
0.586,0.350,-0.209,156.494,-101.685,82.825
0.577,0.378,-0.263,153.809,-94.910,71.716
0.529,0.387,-0.368,160.461,-91.248,68.909
0.485,0.344,-0.412,185.120,-88.196,66.406
0.491,0.308,-0.394,217.773,-90.881,68.481
0.580,0.266,-0.261,234.741,-96.741,74.646
0.577,0.260,-0.137,261.902,-116.760,100.159
0.516,0.346,0.059,272.217,-125.305,115.295
0.341,0.450,0.236,293.701,-146.606,132.263
0.266,0.476,0.327,307.739,-162.292,120.117
0.258,0.531,0.514,321.167,-164.001,108.826
0.243,0.523,0.637,363.831,-173.523,95.337
0.089,0.463,1.015,373.718,-175.537,89.600
-0.007,0.454,1.187,336.609,-149.536,55.603
-0.054,0.488,1.243,297.058,-120.361,25.391
0.020,0.498,1.166,226.562,-58.167,-36.804
0.313,0.366,1.156,203.918,-27.466,-57.129
0.535,0.147,1.300,196.167,-30.029,-40.405
0.508,0.139,1.375,148.376,-56.396,8.789
0.378,0.315,1.470,121.216,-64.941,18.433
0.374,0.374,1.492,98.206,-75.989,13.184
0.337,0.307,1.472,93.506,-74.951,11.414
0.296,0.267,1.420,66.101,-51.025,13.184
0.251,0.293,1.260,48.767,-31.067,12.939
0.266,0.326,1.182,23.254,2.258,8.301
0.306,0.350,1.014,15.137,11.169,5.310
0.320,0.339,0.938,5.493,16.479,-0.122
0.350,0.316,0.830,5.249,13.977,-2.502
0.374,0.290,0.823,20.081,0.977,-4.272
0.405,0.201,0.933,32.654,-9.094,-1.160
0.359,0.139,1.074,46.387,-27.039,11.475
0.318,0.144,1.119,36.987,-33.569,21.118
0.254,0.213,1.137,27.954,-32.837,21.606
0.240,0.246,1.117,14.771,-21.301,15.808
0.262,0.268,1.068,5.615,-3.906,6.958
0.296,0.270,1.010,0.305,0.732,4.028
0.306,0.275,0.982,-6.287,0.854,1.282
0.315,0.292,0.948,-5.859,-1.160,0.427
0.320,0.292,0.941,0.732,-2.380,-1.038
0.331,0.268,0.934,3.235,-1.465,-1.404
0.336,0.256,0.925,1.343,1.099,-1.526
0.344,0.250,0.901,-1.099,2.441,-1.282
0.343,0.246,0.893,-2.014,3.174,0.977
0.315,0.236,0.897,-1.038,1.770,2.991
0.294,0.240,0.905,-0.305,-4.700,5.615
0.256,0.255,0.918,0.671,-7.629,5.249
0.238,0.243,0.930,4.639,-8.179,2.869
0.236,0.234,0.933,4.150,-3.479,2.380
0.231,0.250,0.922,2.014,-1.160,2.136
0.235,0.265,0.909,0.977,2.075,-0.366
0.260,0.272,0.894,2.625,2.563,-2.197
0.277,0.264,0.895,5.737,1.038,-3.662
0.297,0.257,0.906,5.432,-0.549,-2.869
0.297,0.262,0.913,3.174,-3.967,-0.793
0.308,0.266,0.946,3.052,-4.761,-0.366
0.313,0.243,1.000,3.174,-6.042,0.000
0.302,0.240,1.007,2.808,-3.418,0.854
0.282,0.242,0.967,3.357,0.671,1.465
0.273,0.242,0.938,1.770,6.104,2.075
0.261,0.249,0.897,-0.305,5.798,1.587
0.261,0.249,0.888,-0.549,2.991,-0.305
0.269,0.239,0.889,1.709,1.465,-0.916
0.272,0.234,0.898,5.005,-0.916,-0.732
0.280,0.233,0.927,4.822,-1.648,-0.610
0.295,0.228,0.954,3.235,-0.977,-0.916
0.304,0.225,0.960,2.014,0.366,-0.916
0.310,0.231,0.941,-0.671,2.747,-0.366
0.308,0.239,0.925,0.061,3.723,0.244
0.303,0.247,0.905,1.831,3.601,0.244
0.300,0.246,0.903,4.150,1.892,-0.122
0.294,0.244,0.913,4.333,1.221,-0.183
0.292,0.243,0.919,4.761,2.075,-0.366
0.286,0.233,0.929,5.432,3.052,-0.671
0.279,0.223,0.931,6.104,3.723,-1.831
0.281,0.221,0.930,6.165,4.089,-2.869
0.294,0.211,0.931,6.104,4.150,-2.686
0.300,0.206,0.933,2.991,2.319,-0.244
0.296,0.218,0.936,1.038,0.732,1.465
0.285,0.230,0.937,-0.244,-1.465,2.625
0.271,0.244,0.938,-0.122,-1.709,2.136
0.270,0.242,0.938,-0.488,-0.854,0.610
0.272,0.236,0.932,-1.221,-0.305,-0.061
0.277,0.235,0.929,-1.709,0.916,-1.221
0.296,0.232,0.923,-1.160,1.404,-1.648
0.312,0.222,0.919,0.183,1.465,-1.770
0.316,0.220,0.915,0.854,0.488,-0.244
0.306,0.224,0.914,0.732,-0.610,0.610
0.297,0.226,0.920,1.953,-2.014,1.587
0.281,0.229,0.935,2.747,-1.709,1.709
0.279,0.231,0.940,2.930,0.366,0.549

0.040,0.035,3.200,-224.182,20.447,-28.992
-0.147,0.092,3.566,-366.638,45.654,-43.762
-0.378,0.239,3.254,-467.468,105.713,-74.219
-0.042,0.376,2.290,-608.704,217.712,-152.771
0.136,0.407,1.855,-609.314,240.112,-197.205
0.219,0.283,1.159,-588.196,240.784,-212.524
0.149,0.084,0.864,-548.035,265.991,-257.812
-0.001,-0.431,0.323,-527.222,286.072,-282.288
0.003,-0.941,-0.153,-483.398,307.007,-310.791
0.103,-1.071,-0.386,-441.040,287.720,-284.912
0.235,-1.104,-0.690,-414.185,263.184,-249.268
0.217,-1.072,-0.797,-352.051,217.773,-158.875
0.108,-0.937,-0.943,-321.472,203.491,-115.112
-0.112,-0.874,-1.031,-263.428,165.283,-57.251
-0.209,-0.869,-1.117,-216.003,116.943,-47.913
-0.276,-0.828,-1.407,-189.636,97.351,-55.786
-0.248,-0.803,-1.581,-116.516,63.965,-77.576
-0.039,-0.764,-1.847,-65.979,49.866,-81.787
0.235,-0.746,-1.692,48.035,23.865,-56.091
0.316,-0.729,-1.504,128.235,-9.888,0.488
0.380,-0.624,-1.148,150.085,-32.776,25.879
0.384,-0.553,-1.027,168.640,-80.994,57.556
0.404,-0.402,-0.922,168.091,-101.074,65.247
0.416,-0.278,-0.929,168.152,-125.732,72.937
0.430,-0.233,-0.915,187.134,-133.911,78.064
0.484,-0.173,-0.784,201.599,-134.827,81.543
0.531,-0.153,-0.692,227.051,-133.484,94.299
0.600,-0.078,-0.492,233.154,-133.728,103.516
0.606,0.028,-0.330,233.459,-143.860,116.516
0.579,0.073,-0.319,232.788,-166.199,119.141
0.555,0.163,-0.297,238.464,-167.053,119.934
0.610,0.222,-0.234,267.395,-160.583,126.770
0.676,0.333,0.019,289.734,-160.950,137.146
0.629,0.351,0.196,331.177,-162.537,166.382
0.426,0.339,0.513,342.163,-159.668,174.988
0.349,0.361,0.590,336.609,-145.935,164.368
0.336,0.462,0.638,328.857,-136.475,151.855
0.395,0.510,0.760,331.238,-131.470,132.263
0.356,0.521,0.912,360.718,-150.513,128.723
0.117,0.475,1.402,369.812,-153.015,125.793
0.000,0.418,1.610,334.900,-122.131,92.468
-0.099,0.369,1.656,286.804,-86.243,66.345
0.000,0.385,1.498,168.091,-15.625,15.869
0.248,0.494,1.179,125.183,-2.625,0.793
0.379,0.499,1.099,100.708,-12.024,-5.127
0.410,0.466,1.130,117.126,-40.710,4.028
0.401,0.421,1.195,119.934,-54.382,9.033
0.383,0.410,1.201,106.018,-62.073,13.245
0.377,0.392,1.132,93.994,-55.359,12.390
0.387,0.405,1.028,65.125,-33.569,9.766
0.385,0.415,0.981,52.307,-27.527,8.789
0.364,0.417,0.908,43.396,-26.917,6.836
0.356,0.400,0.890,54.504,-28.442,10.986
0.335,0.330,0.912,60.120,-27.893,14.160
0.319,0.297,0.926,54.199,-28.809,14.282
0.307,0.272,0.923,46.814,-30.640,12.207
0.297,0.264,0.923,38.757,-29.602,9.644
0.278,0.237,0.939,37.903,-26.733,8.545
0.268,0.240,0.958,38.940,-21.118,6.165
0.252,0.268,0.983,42.480,-16.602,5.493
0.226,0.226,0.971,50.110,-3.052,7.202
0.231,0.206,0.970,49.011,3.235,7.019
0.267,0.198,0.964,38.086,5.371,1.953
0.282,0.199,0.961,23.865,-3.540,-0.366
0.271,0.198,0.925,20.203,-7.507,0.427
0.320,0.230,0.943,23.437,-7.263,6.714
0.549,0.220,1.605,20.874,-13.733,20.996
0.218,0.114,1.600,-7.629,-45.959,18.188
0.098,0.260,0.989,-7.935,-17.700,-0.793
0.190,0.327,0.890,11.414,40.527,-3.296
0.223,0.247,0.786,8.362,36.743,-0.671
0.234,0.224,0.791,-13.184,11.047,-8.179
0.307,0.233,0.872,-15.503,-0.305,-10.742
0.311,0.198,0.970,-5.615,-14.587,-5.859
0.301,0.190,1.000,-1.709,-16.785,1.587
0.260,0.202,0.983,-3.601,-14.465,2.747
0.243,0.218,0.945,-5.981,-2.441,0.916
0.242,0.240,0.908,-4.883,4.211,0.000
0.253,0.240,0.917,-3.174,9.033,-1.526
0.281,0.239,0.954,-3.235,6.958,-2.075
0.287,0.234,0.962,-1.770,1.404,-0.977
0.285,0.222,0.938,-0.793,0.122,0.488
0.279,0.226,0.919,0.305,0.916,2.380
0.270,0.242,0.905,0.610,2.441,2.686
0.266,0.252,0.921,0.305,4.456,1.343
0.268,0.247,0.931,-0.488,1.953,-0.671
0.267,0.230,0.944,-0.854,-0.732,-0.549
0.263,0.224,0.946,-0.793,-5.737,1.709
0.248,0.233,0.949,-0.549,-5.676,2.197
0.245,0.237,0.953,-0.732,-0.977,0.122
0.247,0.232,0.949,-1.831,2.258,-1.404
0.266,0.229,0.927,-3.845,7.019,-3.723
0.276,0.226,0.922,-3.357,6.836,-4.089
0.295,0.215,0.929,-0.732,3.418,-2.625
0.300,0.217,0.930,-0.305,0.427,0.000
0.294,0.235,0.915,-0.854,-0.244,0.732
0.286,0.244,0.909,-0.671,-0.183,0.977
0.271,0.250,0.920,0.061,-0.061,0.854
0.267,0.248,0.932,0.549,-0.366,0.122
0.264,0.241,0.946,0.427,-1.038,-0.366
0.266,0.236,0.945,1.282,-0.610,-0.244
0.268,0.233,0.935,1.526,0.000,0.183
0.263,0.244,0.929,1.404,1.221,0.183
0.258,0.246,0.930,1.465,1.648,-0.305
0.252,0.241,0.934,2.930,2.380,-2.075
0.251,0.237,0.934,4.028,2.625,-3.113
0.262,0.226,0.935,5.981,2.625,-4.456
0.274,0.216,0.932,8.240,3.662,-2.747
0.293,0.200,0.932,8.484,4.150,-0.916
0.293,0.202,0.933,4.944,2.747,1.343
0.283,0.218,0.945,2.686,1.465,1.160
0.279,0.227,0.951,-1.099,0.916,-0.610
0.277,0.238,0.930,-1.587,1.648,-1.465
0.281,0.236,0.918,1.465,3.601,-1.526
0.291,0.218,0.921,2.625,3.052,-0.732
0.291,0.214,0.924,1.587,-0.183,0.671
0.286,0.221,0.933,1.221,-1.038,1.038
0.281,0.224,0.936,2.625,-0.366,0.977
0.272,0.223,0.934,3.174,0.610,0.610

-0.083,-0.634,3.257,29.236,-3.723,-2.930
-0.327,-0.856,3.927,-191.223,20.386,-10.681
-0.585,-0.769,4.000,-370.361,90.271,-37.842
-0.342,-0.240,3.106,-664.612,241.394,-113.525
-0.217,0.037,2.463,-769.836,289.246,-168.701
0.047,0.193,1.275,-760.559,288.940,-187.744
0.151,0.083,0.798,-694.641,260.132,-211.365
0.188,-0.378,0.196,-647.095,213.135,-222.900
0.053,-0.771,-0.089,-626.465,196.411,-225.037
-0.016,-0.907,-0.246,-544.312,190.002,-222.229
0.048,-1.060,-0.729,-485.901,192.627,-217.468
0.131,-1.027,-0.929,-364.014,176.941,-193.542
0.219,-1.004,-0.967,-307.068,169.556,-171.875
0.180,-1.100,-0.944,-228.577,174.011,-115.906
0.120,-1.085,-1.016,-209.351,169.189,-92.163
0.038,-0.963,-1.253,-184.631,129.639,-71.045
0.024,-0.898,-1.392,-147.644,75.439,-70.007
0.066,-0.766,-1.662,-119.507,49.255,-71.045
0.140,-0.679,-1.750,-28.076,9.216,-62.195
0.309,-0.561,-1.655,33.081,-2.197,-47.363
0.358,-0.569,-1.487,141.602,-19.897,-2.991
0.400,-0.564,-1.173,172.729,-34.668,18.372
0.396,-0.453,-1.008,199.280,-78.613,48.462
0.398,-0.381,-0.960,212.524,-113.647,64.758
0.437,-0.224,-0.881,221.558,-125.122,70.679
0.453,-0.156,-0.824,249.023,-140.442,80.750
0.476,-0.081,-0.648,263.489,-142.456,85.510
0.488,-0.058,-0.559,280.823,-137.146,94.543
0.562,0.030,-0.375,283.630,-136.902,98.572
0.588,0.104,-0.304,284.302,-150.208,106.445
0.575,0.243,-0.069,285.156,-155.823,112.488
0.555,0.286,0.050,289.490,-157.104,122.192
0.490,0.372,0.203,290.161,-152.771,121.643
0.484,0.428,0.254,296.265,-138.550,106.384
0.553,0.477,0.422,306.580,-130.127,96.985
0.559,0.387,0.670,327.209,-121.765,88.135
0.560,0.342,0.750,320.740,-122.864,88.013
0.563,0.329,0.924,313.110,-129.211,89.111
0.536,0.343,1.040,298.218,-179.138,92.651
0.372,0.369,1.151,287.781,-192.383,94.055
0.277,0.409,1.255,271.851,-203.979,90.454
0.090,0.485,1.476,270.508,-196.594,81.604
0.046,0.441,1.608,258.301,-121.887,54.321
0.031,0.278,1.697,225.952,-74.585,42.908
0.052,0.283,1.625,116.089,-11.902,20.752
0.151,0.441,1.312,71.350,6.714,5.737
0.235,0.484,1.177,39.185,31.555,-17.883
0.380,0.444,1.049,39.612,30.823,-21.484
0.432,0.387,0.971,38.513,14.404,-18.494
0.441,0.377,0.926,33.997,5.676,-14.832
0.456,0.392,0.817,27.954,-9.094,-8.606
0.462,0.398,0.781,40.771,-18.677,-2.930
0.461,0.363,0.777,52.612,-23.499,0.305
0.448,0.327,0.818,75.439,-35.583,7.080
0.410,0.239,0.918,79.834,-42.053,11.230
0.341,0.220,0.948,68.970,-49.866,19.836
0.307,0.241,0.940,60.608,-49.072,21.484
0.263,0.265,0.903,53.650,-37.354,16.968
0.254,0.256,0.880,56.091,-19.958,7.812
0.476,0.269,0.952,58.838,-12.878,4.822
0.721,0.272,1.296,62.256,-31.677,20.813
0.197,0.067,1.656,36.560,-72.144,21.606
0.057,0.113,1.346,1.709,-52.063,3.296
0.177,0.271,0.958,16.541,11.902,2.991
0.230,0.270,0.894,38.940,54.749,4.333
0.238,0.213,0.818,31.128,48.645,0.916
0.280,0.214,0.818,9.766,34.607,-7.446
0.347,0.195,0.854,9.277,23.743,-8.789
0.353,0.130,0.953,23.926,0.122,-2.136
0.329,0.117,0.992,26.550,-7.690,4.761
0.270,0.148,1.021,10.315,-15.869,10.742
0.260,0.176,1.006,-2.991,-8.301,3.845
0.278,0.180,0.991,-4.944,-1.221,0.183
0.292,0.169,0.976,-6.348,8.911,-3.845
0.315,0.172,0.918,-6.348,11.047,-3.906
0.320,0.182,0.881,-2.686,10.315,-1.465
0.337,0.191,0.848,0.000,8.301,-0.732
0.349,0.178,0.860,2.441,2.136,-1.465
0.361,0.152,0.890,2.319,0.000,-1.038
0.354,0.160,0.928,0.000,-0.854,2.625
0.341,0.165,0.929,-1.221,-1.282,3.906
0.325,0.181,0.905,-0.916,-1.404,4.089
0.322,0.184,0.905,0.244,-1.343,4.639
0.329,0.184,0.940,0.061,-1.770,4.517
0.338,0.180,0.974,-1.770,-2.380,4.456
0.326,0.185,1.000,-2.686,-2.686,4.517
0.305,0.203,0.976,-1.221,-0.366,4.944
0.288,0.205,0.962,0.549,1.465,3.784
0.269,0.214,0.927,0.061,2.502,2.625
0.275,0.218,0.930,-2.563,4.089,0.183
0.275,0.213,0.945,-4.272,2.747,-1.648
0.278,0.214,0.938,-4.211,1.099,-5.005
0.296,0.203,0.916,-2.075,1.648,-5.554
0.316,0.191,0.868,1.160,2.625,-5.676
0.343,0.184,0.871,2.563,5.310,-4.089
0.384,0.155,0.932,2.136,4.700,-3.052
0.387,0.150,0.954,-0.427,2.686,-0.244
0.374,0.164,0.949,-0.366,2.808,1.343
0.346,0.173,0.905,1.709,2.075,2.991
0.334,0.176,0.893,0.732,0.061,2.808
0.323,0.183,0.906,-0.366,-0.854,2.441
0.321,0.185,0.923,0.305,-1.221,1.648
0.311,0.184,0.956,1.160,-0.793,1.282
0.301,0.187,0.958,0.244,-0.244,1.038
0.290,0.206,0.945,-1.038,0.000,0.977
0.289,0.209,0.954,-2.441,0.244,0.427
0.287,0.210,0.945,-2.380,1.709,-1.221
0.309,0.209,0.914,-0.488,3.967,-1.709
0.326,0.196,0.909,2.197,5.493,-2.319
0.347,0.182,0.899,1.282,4.395,-2.625
0.375,0.176,0.924,0.427,2.869,-1.404
0.375,0.167,0.950,0.610,1.465,-0.244
0.344,0.171,0.954,-0.549,-0.366,1.465
0.334,0.177,0.940,-0.488,1.892,1.587
0.329,0.178,0.911,-0.549,1.831,1.160
0.323,0.181,0.906,-2.441,0.244,0.244
0.317,0.193,0.903,-2.441,0.305,-0.122
0.325,0.190,0.912,-0.183,1.282,-0.488
0.336,0.174,0.945,0.000,0.793,-0.549

-0.001,-0.468,3.359,-35.645,42.786,-9.827
-0.112,-0.606,3.857,-257.507,88.135,27.588
-0.501,-0.695,3.871,-547.852,187.012,-11.902
-0.395,-0.441,2.556,-663.086,231.750,-83.801
-0.124,-0.095,1.802,-798.706,255.676,-240.906
0.331,0.264,0.652,-808.289,236.511,-277.649
0.399,0.152,0.347,-712.707,211.792,-294.128
0.260,-0.338,-0.026,-637.695,214.294,-293.152
0.164,-0.759,-0.257,-524.170,220.154,-274.170
0.200,-0.847,-0.389,-471.497,193.848,-237.671
0.294,-0.880,-0.595,-437.988,174.683,-216.187
0.312,-0.903,-0.638,-345.154,145.264,-163.330
0.242,-0.983,-0.687,-304.687,137.634,-132.629
0.187,-1.007,-0.727,-249.390,128.845,-81.116
0.141,-0.989,-0.903,-228.821,124.573,-66.833
0.188,-0.883,-1.144,-184.570,108.582,-58.655
0.211,-0.840,-1.280,-114.868,72.571,-64.148
0.351,-0.787,-1.551,-65.796,50.598,-65.918
0.467,-0.772,-1.585,48.706,15.381,-51.697
0.650,-0.791,-1.414,97.046,2.625,-34.546
0.693,-0.791,-1.287,152.527,-21.362,11.353
0.708,-0.646,-1.070,166.199,-36.499,32.837
0.629,-0.448,-0.945,189.636,-72.876,65.369
0.576,-0.377,-0.899,215.271,-97.351,83.313
0.542,-0.267,-0.817,230.957,-105.286,86.426
0.569,-0.220,-0.738,268.433,-115.601,91.064
0.603,-0.162,-0.519,282.166,-121.460,98.206
0.595,-0.122,-0.381,280.701,-130.249,112.244
0.585,0.007,-0.170,266.785,-133.484,114.929
0.620,0.192,-0.034,235.840,-135.010,115.906
0.606,0.267,0.030,220.825,-131.226,121.887
0.530,0.308,0.089,219.543,-126.892,126.160
0.536,0.354,0.068,229.370,-115.417,130.249
0.580,0.504,0.127,246.094,-110.535,131.958
0.565,0.500,0.232,290.894,-108.521,136.658
0.467,0.440,0.511,308.167,-108.398,141.479
0.382,0.427,0.668,315.796,-108.032,143.555
0.250,0.455,0.871,306.030,-106.750,132.935
0.241,0.477,0.967,276.001,-125.244,101.501
0.245,0.553,0.924,260.925,-137.695,90.210
0.282,0.575,0.930,250.244,-144.043,77.026
0.264,0.598,1.115,263.062,-156.311,74.646
0.189,0.534,1.334,292.725,-153.748,75.745
0.036,0.331,1.678,281.189,-139.099,76.233
0.001,0.284,1.699,196.838,-87.769,66.223
0.022,0.339,1.484,143.188,-55.725,50.537
0.094,0.413,1.322,67.993,-7.385,8.240
0.277,0.522,1.059,57.129,1.526,-5.859
0.335,0.520,0.983,68.726,-3.967,-9.827
0.381,0.457,0.885,79.041,-12.329,-6.042
0.400,0.413,0.866,96.558,-33.997,3.113
0.973,0.455,1.256,104.797,-44.312,16.724
0.339,0.168,1.857,74.097,-111.206,60.913
0.061,0.201,1.459,42.908,-148.376,54.993
0.080,0.471,0.866,56.030,-27.771,24.231
0.198,0.395,0.829,82.581,45.044,20.508
0.195,0.203,0.753,77.576,51.636,16.052
0.203,0.205,0.759,31.982,21.423,5.005
0.288,0.225,0.893,23.315,8.057,-1.221
0.308,0.205,0.975,27.954,-30.457,-7.996
0.274,0.147,1.145,30.090,-44.434,-7.141
0.239,0.114,1.183,18.066,-40.161,-1.831
0.201,0.085,1.080,5.554,-25.452,1.587
0.197,0.107,0.984,-18.860,5.188,5.127
0.209,0.223,0.892,-26.062,13.672,3.967
0.209,0.268,0.907,-27.283,13.916,0.244
0.210,0.297,0.945,-23.254,9.460,-1.404
0.226,0.293,0.935,-13.123,0.061,-2.319
0.231,0.292,0.923,-6.470,-3.601,0.427
0.229,0.302,0.917,-5.310,-2.563,0.854
0.230,0.307,0.922,-5.432,2.319,-3.052
0.256,0.307,0.915,-5.188,4.578,-5.798
0.278,0.298,0.910,-1.465,6.226,-7.996
0.303,0.272,0.905,1.465,4.639,-7.202
0.295,0.247,0.916,7.751,1.343,-3.479
0.284,0.240,0.925,12.268,3.113,-0.061
0.273,0.219,0.933,12.695,5.859,1.099
0.270,0.212,0.930,6.958,5.615,2.197
0.253,0.227,0.935,4.272,2.930,2.136
0.246,0.231,0.952,5.127,0.488,0.854
0.250,0.221,0.967,5.554,1.038,-0.305
0.255,0.220,0.959,2.686,4.883,-1.526
0.258,0.234,0.936,1.648,7.629,-1.648
0.265,0.235,0.925,1.892,12.329,-1.587
0.282,0.234,0.915,0.977,11.475,-1.648
0.288,0.242,0.924,-1.099,4.639,-0.671
0.293,0.243,0.934,3.296,3.357,2.808
0.297,0.239,0.941,6.531,5.493,4.883
0.292,0.236,0.936,8.789,12.329,8.301
0.281,0.241,0.915,6.897,13.977,8.728
0.272,0.250,0.905,1.404,9.766,7.324
0.261,0.263,0.909,0.366,5.737,6.165
0.254,0.257,0.937,2.258,-0.854,4.272
0.250,0.251,0.945,3.052,-3.296,2.136
0.250,0.240,0.940,2.441,-2.502,1.038
0.255,0.234,0.939,0.549,1.038,-1.099
0.269,0.225,0.942,-0.183,2.441,-2.014
0.283,0.219,0.939,-1.343,3.723,-3.113
0.290,0.219,0.934,-2.014,3.296,-2.136
0.300,0.226,0.925,-1.953,2.686,-1.587
0.303,0.229,0.922,-1.831,2.197,-1.221
0.305,0.233,0.915,-1.831,2.563,-0.366
0.294,0.241,0.913,-1.648,2.136,0.122
0.287,0.248,0.917,-1.221,0.244,0.671
0.273,0.255,0.931,-0.427,-0.488,0.671
0.268,0.254,0.935,1.343,-0.305,0.244
0.263,0.251,0.937,1.526,0.305,-0.183
0.269,0.247,0.933,0.916,2.319,-1.709
0.295,0.233,0.919,0.488,2.869,-2.258
0.302,0.229,0.919,0.488,1.648,-1.404
0.300,0.226,0.934,0.916,0.916,-0.610
0.298,0.226,0.936,0.793,0.305,0.183
0.293,0.232,0.926,-0.061,-0.183,0.366
0.280,0.239,0.927,-0.977,-0.671,0.549
0.276,0.239,0.931,-0.427,0.183,0.366
0.286,0.230,0.922,0.183,2.380,-0.671
0.294,0.228,0.914,-2.075,0.427,-0.977
0.294,0.235,0.924,-2.014,-0.977,-0.366
0.287,0.236,0.935,0.305,-0.977,0.854

-0.003,-0.521,2.680,-28.625,76.782,-46.753
0.066,-0.487,2.963,-215.027,72.083,-32.349
-0.011,-0.190,2.930,-313.965,68.176,-35.217
-0.024,0.208,2.296,-464.722,98.938,-67.261
0.044,0.389,1.974,-518.799,141.113,-121.338
0.203,0.522,1.489,-511.902,164.368,-146.667
0.284,0.428,1.335,-462.158,234.985,-177.734
0.364,0.055,1.029,-443.054,269.226,-185.669
0.378,-0.159,0.853,-432.983,313.721,-184.570
0.343,-0.594,0.559,-441.833,324.402,-171.448
0.302,-0.751,0.427,-501.343,306.763,-127.686
0.154,-0.841,0.031,-540.710,274.536,-111.572
0.054,-0.856,-0.196,-572.937,198.242,-112.244
-0.132,-0.970,-0.543,-564.026,170.837,-124.207
-0.068,-1.031,-1.136,-496.338,153.015,-150.513
0.039,-1.010,-1.442,-352.661,163.208,-147.156
0.176,-1.006,-1.744,-273.071,155.334,-132.080
0.176,-1.046,-1.794,-131.226,106.079,-86.853
0.164,-1.103,-1.845,-71.960,75.195,-62.195
0.252,-0.984,-1.804,19.958,17.212,-21.362
0.299,-0.838,-1.714,92.712,-30.823,13.306
0.379,-0.521,-1.428,131.287,-47.302,28.564
0.411,-0.413,-1.281,198.486,-74.463,49.011
0.454,-0.286,-1.027,221.985,-87.708,54.871
0.446,-0.238,-0.917,253.296,-107.483,66.162
0.391,-0.153,-0.732,262.695,-111.084,71.716
0.433,-0.033,-0.637,264.587,-108.459,72.205
0.497,0.045,-0.575,253.418,-120.789,60.059
0.574,0.147,-0.426,246.887,-132.874,52.917
0.563,0.189,-0.358,234.802,-143.860,43.884
0.540,0.272,-0.242,234.802,-142.456,43.335
0.568,0.303,-0.169,251.709,-135.620,44.006
0.649,0.325,0.020,266.968,-133.789,47.607
0.640,0.285,0.240,295.959,-128.174,64.087
0.608,0.265,0.319,303.589,-123.901,72.327
0.562,0.279,0.393,299.622,-121.826,76.050
0.596,0.304,0.418,297.241,-128.296,68.054
0.677,0.322,0.555,306.152,-139.709,68.542
0.609,0.306,0.802,336.060,-179.138,78.552
0.521,0.265,0.973,349.121,-208.557,83.069
0.290,0.165,1.198,336.365,-243.103,86.121
0.243,0.137,1.332,275.085,-204.102,80.505
0.192,0.212,1.386,241.516,-184.265,73.425
0.196,0.276,1.361,188.599,-135.742,56.702
0.210,0.361,1.316,168.030,-111.450,49.377
0.210,0.387,1.281,140.076,-74.585,35.400
0.206,0.373,1.271,128.418,-45.837,18.433
0.229,0.303,1.303,122.925,-30.823,10.071
0.248,0.269,1.320,98.022,-8.240,-2.625
0.274,0.240,1.234,78.247,-0.671,-6.653
0.289,0.251,1.147,42.175,7.996,-13.733
0.327,0.272,0.978,34.363,8.667,-17.029
0.473,0.272,0.928,34.058,7.690,-16.968
0.963,0.299,1.255,42.908,-1.648,23.315
0.413,0.123,1.881,23.499,-24.597,39.185
-0.029,-0.004,1.472,-29.663,-32.104,-6.958
0.242,0.277,0.832,-21.301,16.724,-14.160
0.310,0.350,0.801,33.203,58.167,2.441
0.237,0.242,0.701,39.917,49.622,4.517
0.274,0.228,0.744,17.090,45.349,-2.380
0.398,0.135,0.900,7.202,34.607,-9.583
0.434,0.089,0.919,-1.221,1.648,-11.292
0.444,0.096,0.961,-1.038,-7.263,-4.028
0.417,0.130,0.967,-0.671,-18.372,6.470
0.402,0.172,0.952,-1.892,-15.625,6.897
0.412,0.174,0.937,-9.888,1.038,4.517
0.429,0.176,0.884,-15.869,8.911,3.967
0.423,0.192,0.847,-24.841,16.602,4.578
0.440,0.251,0.808,-23.743,16.235,6.653
0.448,0.265,0.832,-12.329,7.019,10.376
0.419,0.274,0.870,-7.751,-1.099,8.972
0.396,0.288,0.866,-3.052,-10.254,3.601
0.395,0.287,0.863,0.732,-7.080,-0.366
0.394,0.269,0.868,1.892,-3.967,-1.648
0.385,0.260,0.865,2.930,1.221,-4.089
0.385,0.263,0.865,4.089,2.075,-4.944
0.389,0.264,0.873,7.751,-1.221,-5.371
0.393,0.242,0.892,9.949,-3.906,-5.920
0.400,0.202,0.899,15.259,-5.554,-6.531
0.405,0.183,0.901,15.625,-2.075,-4.333
0.413,0.161,0.904,12.756,-0.977,-2.991
0.414,0.159,0.904,3.845,-0.793,-0.427
0.413,0.173,0.908,0.244,-1.099,0.610
0.410,0.181,0.906,-3.296,-2.625,1.587
0.402,0.195,0.895,-4.028,-3.418,1.526
0.399,0.205,0.884,-4.456,-4.211,0.977
0.401,0.209,0.882,-3.174,-2.686,1.282
0.403,0.214,0.890,-2.441,-1.526,1.892
0.401,0.216,0.894,-2.014,-0.610,2.686
0.394,0.224,0.896,-2.625,-0.854,2.625
0.391,0.231,0.886,-3.906,-2.136,1.892
0.392,0.233,0.885,-2.747,-2.075,1.282
0.391,0.231,0.890,-1.648,-1.465,0.977
0.392,0.227,0.892,0.549,1.343,0.916
0.393,0.220,0.888,1.404,2.441,1.221
0.391,0.219,0.883,1.038,1.770,1.709
0.391,0.221,0.885,-0.061,0.000,1.587
0.393,0.222,0.890,0.000,-2.563,1.160
0.392,0.215,0.901,1.221,-2.197,1.282
0.385,0.213,0.896,2.014,0.244,1.526
0.384,0.214,0.891,0.793,2.625,0.977
0.393,0.215,0.884,0.122,2.747,0.488
0.401,0.213,0.886,-0.671,1.099,-0.183
0.406,0.210,0.890,-0.610,-0.122,-0.183
0.404,0.210,0.889,0.061,-1.709,0.793
0.394,0.216,0.887,0.488,-1.587,1.404
0.384,0.221,0.892,0.183,-0.916,1.404
0.381,0.224,0.895,-1.038,-0.122,0.366
0.384,0.224,0.896,-0.854,0.427,-0.183
0.389,0.220,0.892,-0.488,0.427,-0.854
0.393,0.218,0.888,-0.488,-0.122,-0.610
0.393,0.218,0.892,-0.061,-0.427,0.000
0.394,0.214,0.891,0.366,0.244,0.549
0.390,0.217,0.891,-0.122,0.183,0.854
0.387,0.223,0.894,-0.977,-0.183,0.610
0.390,0.226,0.894,0.000,0.977,-0.244
0.396,0.220,0.884,0.549,1.343,-0.305
0.395,0.220,0.884,0.549,1.038,0.122
0.388,0.224,0.895,0.427,0.916,0.305

0.386,-0.006,2.451,-142.090,52.917,17.883
0.324,-0.044,2.796,-271.729,60.425,21.484
0.051,-0.067,2.972,-363.586,78.674,18.005
0.030,0.066,2.717,-517.029,120.239,-27.100
0.263,0.426,2.213,-549.011,130.432,-65.247
0.461,0.615,1.932,-544.678,125.122,-121.826
0.424,0.612,1.818,-504.089,162.109,-133.667
0.179,0.322,1.512,-489.746,206.543,-139.587
0.052,-0.035,1.257,-516.846,290.405,-189.270
-0.025,-0.834,0.415,-552.429,303.833,-224.060
-0.011,-1.084,0.008,-597.778,278.564,-251.404
-0.019,-1.376,-0.478,-594.543,249.695,-239.868
-0.021,-1.364,-0.824,-547.180,190.491,-194.519
-0.033,-1.290,-1.038,-434.936,177.246,-141.113
-0.061,-1.171,-1.373,-368.225,183.228,-113.770
-0.124,-1.154,-1.434,-242.249,171.631,-71.716
-0.300,-1.162,-1.563,-182.556,150.818,-62.439
-0.305,-1.158,-1.791,-73.425,102.417,-62.988
-0.190,-1.077,-1.905,9.949,41.321,-73.120
0.143,-0.776,-1.855,47.424,9.949,-71.350
0.345,-0.567,-1.366,125.305,-39.856,-42.419
0.386,-0.504,-1.111,183.411,-73.303,2.136
0.439,-0.370,-0.744,197.876,-87.463,20.630
0.447,-0.299,-0.634,204.102,-107.422,44.006
0.434,-0.176,-0.547,199.768,-112.000,49.744
0.458,-0.048,-0.587,180.786,-115.234,48.401
0.506,0.029,-0.617,171.265,-116.882,42.542
0.606,0.142,-0.579,171.936,-122.925,34.119
0.617,0.150,-0.580,187.256,-134.888,40.161
0.588,0.137,-0.533,190.430,-130.920,44.250
0.596,0.152,-0.492,189.331,-121.033,48.889
0.641,0.219,-0.409,189.819,-121.887,50.842
0.656,0.265,-0.362,196.960,-128.845,59.082
0.613,0.345,-0.250,205.078,-131.226,63.293
0.587,0.349,-0.201,231.018,-129.822,65.063
0.635,0.307,-0.119,260.498,-130.188,62.805
0.768,0.332,0.031,274.841,-134.521,64.697
0.794,0.365,0.173,310.486,-146.362,78.857
0.700,0.331,0.561,329.895,-149.658,89.661
0.620,0.283,0.708,346.069,-143.494,103.088
0.499,0.306,0.828,338.562,-135.803,102.417
0.527,0.386,0.907,318.665,-119.019,83.069
0.551,0.385,0.889,306.458,-122.070,67.749
0.605,0.372,0.947,270.325,-115.234,45.898
0.601,0.367,1.063,222.473,-120.728,40.771
0.510,0.330,1.173,191.711,-126.343,40.100
0.452,0.357,1.179,127.747,-113.892,38.940
0.437,0.400,1.134,85.571,-94.116,26.428
0.463,0.484,1.076,82.825,-85.205,16.541
0.474,0.490,1.075,104.126,-69.946,4.395
0.473,0.411,1.043,114.624,-62.988,2.197
0.482,0.365,1.016,118.286,-53.284,0.488
0.506,0.299,0.956,112.732,-52.429,2.014
0.461,0.293,0.896,87.769,-59.326,8.850
0.427,0.300,0.860,74.890,-63.416,10.559
0.376,0.288,0.823,68.054,-62.378,4.456
0.366,0.259,0.812,73.853,-58.472,-0.977
0.375,0.165,0.841,90.637,-42.786,-8.118
0.385,0.121,0.862,92.590,-36.011,-4.639
0.368,0.085,0.920,86.182,-39.673,-0.427
0.557,0.141,1.043,73.059,-53.833,18.677
0.805,0.012,2.144,53.284,-76.294,48.218
0.130,-0.099,2.081,-46.570,-142.639,24.170
0.013,0.243,1.043,-55.115,-90.637,-17.212
0.190,0.382,0.788,5.737,62.195,-8.667
0.179,0.334,0.730,26.428,73.547,-0.732
0.266,0.224,0.814,10.315,63.354,-7.019
0.307,0.194,0.883,-36.133,29.175,-23.621
0.369,0.233,0.915,-47.363,8.423,-30.884
0.392,0.230,0.915,-27.344,-13.550,-28.687
0.412,0.167,0.918,-9.766,-13.489,-19.897
0.407,0.143,0.918,11.353,-1.282,1.587
0.390,0.154,0.913,5.737,13.489,12.085
0.350,0.196,0.895,-1.709,17.578,12.024
0.342,0.215,0.879,-10.864,18.616,6.897
0.375,0.231,0.890,-10.986,15.564,4.517
0.383,0.224,0.920,-10.193,2.625,1.343
0.375,0.214,0.916,-9.705,-3.235,-0.122
0.376,0.219,0.897,-3.357,-1.282,-0.305
0.381,0.227,0.881,0.549,3.906,0.610
0.383,0.219,0.890,1.221,11.963,0.732
0.383,0.208,0.886,-1.953,12.756,-0.305
0.391,0.228,0.879,-6.226,8.362,-1.953
0.388,0.231,0.888,-5.188,4.578,-1.770
0.369,0.227,0.918,-0.549,-0.854,-0.366
0.357,0.222,0.927,0.305,2.197,0.427
0.356,0.217,0.922,-0.732,6.836,0.061
0.364,0.218,0.914,-1.892,11.902,-0.427
0.380,0.219,0.879,-3.540,17.029,-0.671
0.391,0.222,0.861,-4.761,12.390,-1.282
0.414,0.229,0.849,-5.127,6.897,-1.709
0.422,0.227,0.857,-2.686,-3.540,-1.526
0.422,0.218,0.885,-0.061,-5.615,-0.793
0.420,0.213,0.886,3.113,-3.296,1.404
0.413,0.213,0.877,2.563,-1.282,2.502
0.397,0.224,0.877,-0.610,-0.183,3.418
0.392,0.228,0.884,-0.977,-2.258,2.930
0.385,0.228,0.897,0.244,-3.723,2.625
0.384,0.224,0.900,3.235,-4.150,2.625
0.389,0.211,0.900,4.211,-1.038,3.723
0.388,0.209,0.893,3.296,0.916,4.333
0.386,0.214,0.891,0.488,2.869,4.822
0.380,0.226,0.892,-0.732,2.014,4.517
0.379,0.230,0.895,-2.197,-1.831,2.991
0.376,0.235,0.899,-2.380,-3.662,1.953
0.374,0.237,0.899,-2.502,-5.005,0.183
0.376,0.233,0.897,-2.075,-3.845,-0.427
0.385,0.221,0.886,-0.244,0.488,-0.122
0.385,0.223,0.884,0.549,2.197,0.977
0.377,0.234,0.897,0.732,1.831,0.977
0.377,0.230,0.909,1.770,1.648,-0.183
0.383,0.224,0.900,1.099,2.258,-1.160
0.386,0.224,0.880,-0.061,1.770,-1.221
0.386,0.225,0.880,0.122,1.953,-0.977
0.396,0.213,0.887,1.160,2.136,-0.671
0.401,0.209,0.886,1.343,0.793,1.221
0.398,0.219,0.887,0.916,-0.488,2.014
0.384,0.230,0.895,0.366,-2.625,2.197
0.378,0.232,0.902,1.038,-1.038,1.221

0.698,-0.646,2.332,-27.466,78.308,42.114
0.805,-0.714,2.483,-206.177,52.246,145.691
0.423,-0.534,2.940,-297.180,40.588,195.984
-0.267,0.040,2.749,-495.300,69.519,173.035
-0.277,0.448,2.268,-624.512,104.919,-22.278
0.187,0.802,1.534,-611.084,115.356,-110.718
0.329,0.649,1.383,-521.423,150.574,-163.696
0.395,0.253,1.246,-501.099,174.438,-152.649
0.381,0.112,1.201,-527.649,184.875,-145.752
0.237,-0.234,0.725,-558.472,173.767,-155.090
0.099,-0.488,0.060,-580.200,166.565,-174.683
0.050,-0.620,-0.135,-510.986,171.204,-174.133
0.035,-0.877,-0.414,-467.468,173.767,-165.833
0.051,-0.939,-0.576,-400.879,175.171,-138.611
0.032,-0.956,-0.862,-346.558,171.020,-106.201
-0.060,-0.989,-1.118,-313.843,167.480,-93.811
-0.091,-1.006,-1.260,-228.455,156.189,-76.904
-0.111,-1.059,-1.587,-180.664,141.541,-74.585
-0.080,-1.073,-1.780,-87.341,82.642,-81.299
0.107,-0.962,-2.117,18.860,13.000,-77.148
0.344,-0.766,-1.996,74.097,-11.963,-60.547
0.415,-0.677,-1.764,167.114,-48.889,-5.798
0.437,-0.487,-1.275,201.233,-67.200,20.447
0.440,-0.261,-0.910,243.713,-101.868,52.124
0.452,-0.147,-0.771,255.127,-113.281,59.387
0.437,0.010,-0.575,264.954,-122.864,65.369
0.415,0.065,-0.530,254.456,-122.375,58.655
0.457,0.202,-0.494,246.704,-118.469,49.927
0.526,0.281,-0.445,240.112,-121.582,30.457
0.626,0.413,-0.389,239.014,-127.014,27.222
0.619,0.452,-0.234,242.187,-115.601,36.987
0.603,0.442,-0.157,245.056,-106.384,47.485
0.616,0.424,-0.033,244.141,-105.591,48.523
0.607,0.432,0.033,241.333,-109.070,50.354
0.571,0.448,0.127,244.080,-109.619,51.453
0.545,0.437,0.163,259.399,-105.225,50.964
0.579,0.392,0.250,268.616,-103.027,49.194
0.602,0.364,0.344,283.752,-106.873,51.819
0.557,0.316,0.620,281.555,-113.220,54.932
0.523,0.322,0.709,256.531,-126.648,51.392
0.470,0.361,0.840,238.525,-135.803,42.847
0.447,0.407,0.756,201.538,-152.039,24.719
0.527,0.448,0.826,195.129,-144.714,20.508
0.533,0.336,1.099,200.989,-150.452,27.649
0.470,0.302,1.223,192.139,-152.344,37.048
0.347,0.402,1.292,141.052,-141.418,47.180
0.310,0.486,1.248,115.967,-126.099,44.800
0.334,0.566,1.111,92.712,-77.454,24.780
0.382,0.559,1.049,96.069,-40.833,2.808
0.447,0.495,0.990,100.220,-33.813,-3.296
0.479,0.449,0.999,110.168,-36.804,-2.808
0.494,0.369,1.052,115.173,-42.664,3.235
0.471,0.343,1.083,111.755,-58.228,17.090
0.382,0.331,1.090,103.455,-64.636,21.606
0.343,0.337,1.085,85.815,-63.049,20.264
0.294,0.334,1.028,79.651,-54.810,15.076
0.289,0.317,0.992,72.571,-26.611,2.197
0.305,0.245,0.934,70.923,-13.367,-2.014
0.309,0.208,0.925,71.045,-1.953,-5.554
0.292,0.191,0.927,72.693,-3.174,-6.592
0.274,0.212,0.943,78.125,-7.324,-12.573
0.232,0.257,1.000,78.552,-6.714,-19.714
0.214,0.232,1.005,60.120,-0.916,-44.434
0.247,0.119,0.910,45.898,1.282,-58.044
0.361,0.082,0.850,41.748,8.057,-61.340
0.954,0.024,1.356,61.462,10.376,-39.368
0.692,-0.157,1.673,41.077,-37.842,16.602
0.265,0.001,1.220,7.324,-43.640,16.846
0.293,0.174,0.965,2.991,38.208,11.292
0.310,0.244,0.760,14.465,53.711,11.963
0.314,0.198,0.672,17.090,40.405,5.249
0.401,0.135,0.745,11.841,32.410,3.052
0.402,0.134,0.805,2.563,2.563,1.587
0.387,0.156,0.897,4.578,-10.864,1.221
0.377,0.143,0.953,20.264,-24.109,1.221
0.368,0.097,1.010,24.963,-25.757,1.526
0.368,0.080,1.018,22.156,-15.625,2.808
0.362,0.051,0.987,16.418,-5.798,2.869
0.362,0.053,0.952,3.113,12.817,2.197
0.365,0.094,0.888,-0.854,18.250,2.380
0.378,0.109,0.882,-0.427,18.188,3.296
0.391,0.091,0.916,0.793,12.695,2.808
0.390,0.085,0.922,0.488,-1.160,0.488
0.388,0.091,0.916,0.305,-4.944,0.488
0.388,0.093,0.914,0.488,-4.150,2.808
0.387,0.089,0.923,0.183,-1.709,3.418
0.379,0.093,0.921,-0.183,4.150,3.113
0.369,0.119,0.909,0.732,7.080,2.686
0.366,0.126,0.906,5.798,8.179,-0.244
0.367,0.130,0.907,9.277,6.775,-2.502
0.378,0.099,0.916,13.611,4.395,-4.822
0.388,0.082,0.917,8.545,1.282,-4.150
0.396,0.075,0.926,4.700,-0.305,-3.052
0.393,0.078,0.925,1.343,-0.854,-0.977
0.390,0.081,0.917,1.648,0.183,-0.122
0.389,0.080,0.912,1.099,0.916,0.610
0.390,0.083,0.908,-0.244,0.244,0.610
0.389,0.085,0.911,-2.197,-1.770,0.549
0.389,0.084,0.917,-1.770,-1.892,0.977
0.390,0.081,0.922,-0.244,-0.732,2.197
0.386,0.084,0.923,-0.671,-0.427,2.747
0.385,0.087,0.919,-1.587,-0.122,3.113
0.393,0.091,0.903,-3.235,-0.061,2.747
0.396,0.092,0.900,-3.418,-0.732,2.625
0.391,0.091,0.907,-2.380,-2.258,3.540
0.387,0.094,0.912,-1.465,-2.686,4.211
0.383,0.097,0.917,0.000,-2.136,4.822
0.374,0.100,0.923,0.488,-1.221,4.822
0.371,0.100,0.920,0.244,0.244,4.395
0.369,0.102,0.918,-0.549,0.122,3.845
0.369,0.105,0.922,-1.404,-0.854,2.380
0.371,0.104,0.926,0.122,-0.122,1.343
0.377,0.101,0.923,1.160,1.160,1.099
0.381,0.100,0.917,2.869,4.517,0.732
0.391,0.094,0.902,3.113,5.432,0.427
0.395,0.091,0.899,2.014,3.723,0.488
0.394,0.088,0.911,1.465,2.014,0.793
0.391,0.085,0.919,1.343,-0.488,1.160
0.381,0.083,0.922,0.793,-1.343,1.221

0.772,-0.784,2.329,14.709,93.384,-32.776
0.836,-0.872,2.619,-170.105,57.617,26.245
0.539,-0.615,2.924,-276.367,27.649,56.396
0.107,-0.225,2.984,-427.307,39.429,69.397
-0.033,-0.194,2.965,-537.842,154.358,19.592
-0.184,-0.253,2.497,-590.820,218.018,-11.902
-0.212,-0.195,2.033,-658.020,318.604,-73.242
-0.070,-0.047,1.023,-640.015,356.018,-119.751
0.117,-0.185,0.478,-612.549,340.515,-130.432
0.097,-0.317,0.308,-570.068,272.949,-129.333
-0.033,-0.557,-0.008,-549.683,246.643,-119.629
-0.071,-0.651,-0.177,-491.516,221.008,-93.262
-0.048,-0.804,-0.543,-456.604,211.548,-80.933
-0.097,-0.950,-0.748,-397.827,187.622,-61.768
-0.143,-1.014,-0.805,-369.751,170.044,-60.425
-0.215,-1.116,-1.012,-356.689,166.931,-67.017
-0.241,-1.150,-1.199,-313.477,155.701,-87.219
-0.243,-1.154,-1.771,-277.954,141.785,-98.816
-0.052,-1.052,-2.364,-158.386,96.985,-112.915
0.092,-0.955,-2.481,0.793,39.856,-94.482
0.262,-0.728,-2.164,75.684,11.902,-70.129
0.256,-0.649,-1.816,191.833,-28.931,-10.559
0.205,-0.500,-1.195,227.112,-48.523,12.451
0.224,-0.267,-0.780,252.197,-86.304,37.231
0.253,-0.166,-0.666,236.999,-110.840,43.030
0.295,-0.031,-0.615,222.351,-119.019,41.077
0.307,0.030,-0.639,196.411,-129.028,30.212
0.372,0.150,-0.657,191.040,-129.211,23.071
0.427,0.200,-0.619,197.632,-128.113,9.460
0.502,0.244,-0.506,204.651,-134.705,6.226
0.511,0.221,-0.442,211.914,-134.460,5.249
0.529,0.215,-0.412,210.266,-122.498,10.498
0.596,0.249,-0.344,209.961,-123.047,14.648
0.650,0.282,-0.282,221.130,-135.620,27.100
0.709,0.316,-0.102,233.643,-145.630,37.537
0.675,0.324,0.010,256.714,-162.231,63.110
0.513,0.312,0.218,260.498,-162.476,70.801
0.471,0.315,0.256,253.479,-145.569,63.232
0.557,0.374,0.261,252.930,-136.658,54.749
0.656,0.398,0.350,269.897,-141.174,45.776
0.672,0.391,0.409,307.861,-170.654,47.180
0.646,0.326,0.630,331.482,-196.472,51.208
0.596,0.250,0.777,362.610,-237.976,69.336
0.433,0.097,1.292,353.332,-241.943,76.111
0.337,0.066,1.499,268.250,-215.210,71.411
0.201,0.164,1.638,204.895,-179.443,64.270
0.229,0.423,1.376,95.337,-87.341,37.415
0.309,0.515,1.214,68.115,-46.936,19.531
0.462,0.492,1.020,67.322,-2.991,-7.874
0.506,0.434,0.991,85.327,-13.306,-12.085
0.521,0.361,0.981,89.111,-28.564,-7.568
0.496,0.351,0.957,92.163,-53.040,2.991
0.482,0.333,0.941,94.849,-59.692,5.798
0.471,0.292,0.930,99.304,-66.223,8.606
0.453,0.220,0.973,98.511,-70.618,10.376
0.439,0.201,1.014,89.600,-83.923,13.794
0.372,0.185,1.087,85.083,-86.548,15.869
0.326,0.191,1.105,75.256,-75.134,19.043
0.255,0.212,1.089,70.007,-62.561,18.372
0.244,0.216,1.054,61.035,-28.687,10.620
0.262,0.186,0.961,56.763,-12.390,4.822
0.279,0.166,0.926,51.819,0.732,-5.554
0.326,0.152,0.916,52.795,-3.845,-8.789
0.785,0.078,1.666,61.035,-25.452,5.066
0.471,-0.089,1.988,9.216,-98.206,13.611
-0.004,0.104,1.137,-13.489,-87.952,-0.244
0.119,0.251,0.929,15.137,53.772,5.371
0.228,0.226,0.793,33.813,72.083,9.766
0.218,0.186,0.738,22.339,52.063,3.357
0.321,0.147,0.877,4.822,40.588,-1.404
0.333,0.164,0.937,-19.287,1.709,-9.521
0.345,0.176,0.960,-5.493,-11.475,-8.423
0.349,0.129,0.995,5.981,-8.972,-3.967
0.335,0.106,0.972,13.611,1.038,2.808
0.318,0.120,0.926,11.047,8.667,3.723
0.316,0.139,0.909,4.639,20.630,2.930
0.323,0.147,0.900,3.174,22.888,1.648
0.332,0.146,0.897,2.014,15.686,-2.258
0.364,0.131,0.918,2.930,8.728,-3.235
0.364,0.112,0.935,4.822,-6.165,-2.686
0.346,0.097,0.938,5.127,-9.705,-1.282
0.328,0.103,0.943,4.639,-6.226,1.770
0.323,0.107,0.944,0.854,0.977,1.709
0.318,0.114,0.946,-1.404,3.479,0.977
0.318,0.122,0.937,-3.479,4.456,-0.488
0.331,0.131,0.933,-2.502,4.028,-0.610
0.335,0.127,0.933,-0.061,1.831,0.000
0.330,0.130,0.936,0.549,1.465,0.366
0.333,0.129,0.929,0.549,3.906,0.244
0.341,0.124,0.928,-1.648,4.456,-0.244
0.334,0.129,0.928,-3.418,2.380,-0.610
0.332,0.139,0.932,-3.723,0.549,-0.854
0.344,0.137,0.929,-2.319,1.038,-1.099
0.351,0.132,0.916,-1.587,0.610,-1.587
0.353,0.131,0.906,-2.563,-0.793,-1.221
0.348,0.135,0.912,-1.709,-2.014,0.610
0.336,0.146,0.936,0.610,-1.038,1.526
0.331,0.147,0.945,5.066,2.441,1.831
0.337,0.132,0.942,4.883,3.540,1.160
0.337,0.129,0.932,-0.122,1.831,-0.854
0.338,0.132,0.913,-1.282,0.977,-1.221
0.346,0.124,0.919,0.854,0.183,-0.427
0.345,0.122,0.926,1.343,-0.916,0.061
0.336,0.126,0.939,-0.061,-2.930,0.244
0.333,0.127,0.939,-0.244,-1.404,0.122
0.338,0.129,0.934,-0.183,-0.183,0.061
0.339,0.130,0.930,-0.305,1.526,0.244
0.338,0.133,0.926,-0.305,2.014,0.488
0.336,0.135,0.927,-0.183,0.916,0.793
0.331,0.137,0.936,0.427,0.671,0.732
0.334,0.128,0.951,1.953,2.136,0.000
0.336,0.123,0.953,3.540,6.653,0.366
0.348,0.110,0.953,4.211,10.132,1.343
0.351,0.110,0.941,3.113,15.686,3.723
0.354,0.125,0.901,0.793,15.930,4.456
0.357,0.135,0.887,-3.113,9.644,3.784
0.359,0.145,0.886,-3.296,4.456,2.686
0.356,0.147,0.899,-1.160,-3.845,0.549
0.346,0.142,0.927,0.183,-5.371,-0.305

0.172,-0.421,2.388,-46.814,17.395,-40.710
0.188,-0.487,2.656,-168.762,38.086,-17.517
0.104,-0.492,3.150,-240.906,65.979,-7.385
0.007,-0.505,3.214,-419.067,147.156,0.671
-0.092,-0.249,2.694,-511.047,185.486,-18.982
0.005,-0.057,2.341,-605.530,244.324,-106.201
0.168,0.051,1.749,-621.338,266.541,-150.024
0.150,-0.017,1.352,-652.161,321.350,-202.942
0.235,-0.250,0.465,-658.752,343.689,-220.093
0.324,-0.364,0.136,-629.883,311.829,-230.896
0.240,-0.610,-0.153,-570.251,241.577,-203.064
0.060,-0.833,-0.397,-537.903,226.562,-183.472
0.078,-0.854,-0.563,-456.543,206.665,-145.569
0.062,-0.810,-0.789,-410.828,188.843,-132.324
-0.023,-0.877,-0.908,-321.960,165.466,-117.126
-0.028,-0.901,-0.973,-239.563,172.607,-98.572
-0.049,-0.941,-1.144,-200.256,176.086,-86.609
-0.066,-0.962,-1.254,-139.465,158.569,-66.895
-0.063,-0.935,-1.565,-114.563,131.592,-64.270
0.118,-0.793,-1.833,-43.518,55.847,-62.927
0.222,-0.709,-1.843,60.852,-12.756,-48.096
0.334,-0.605,-1.591,109.619,-35.645,-34.241
0.357,-0.563,-1.389,173.401,-58.167,-2.258
0.412,-0.423,-1.050,190.369,-69.824,13.062
0.426,-0.334,-0.945,208.984,-95.459,35.278
0.418,-0.204,-0.801,216.614,-109.863,46.326
0.413,-0.132,-0.742,215.576,-115.051,48.218
0.440,-0.079,-0.716,212.036,-127.014,46.326
0.554,0.026,-0.607,215.515,-139.832,44.678
0.597,0.078,-0.549,224.182,-154.602,45.166
0.623,0.146,-0.328,227.478,-143.127,57.373
0.599,0.144,-0.129,222.656,-136.719,64.697
0.600,0.183,-0.059,195.190,-129.333,74.097
0.648,0.313,0.043,179.199,-128.540,74.402
0.670,0.369,0.089,156.677,-131.226,73.303
0.661,0.463,0.200,150.696,-132.996,72.571
0.653,0.502,0.259,150.635,-129.089,69.275
0.633,0.569,0.326,155.701,-123.169,66.895
0.657,0.615,0.355,171.692,-111.755,61.462
0.691,0.628,0.385,198.608,-107.483,59.875
0.722,0.602,0.616,212.463,-103.210,63.965
0.708,0.563,0.766,211.853,-105.347,78.369
0.601,0.553,0.901,195.984,-109.070,79.529
0.567,0.589,0.920,149.170,-119.873,63.477
0.554,0.667,0.811,128.052,-113.586,51.575
0.640,0.716,0.789,108.948,-86.304,32.959
0.656,0.719,0.755,108.154,-83.740,28.687
0.642,0.691,0.720,116.089,-86.060,28.442
0.614,0.668,0.728,127.686,-81.665,32.104
0.564,0.616,0.737,130.859,-78.186,32.959
0.548,0.600,0.719,130.066,-70.801,28.992
0.533,0.601,0.650,128.723,-67.261,24.414
0.538,0.595,0.620,137.878,-63.416,13.672
0.577,0.506,0.646,150.024,-65.002,9.888
0.592,0.424,0.696,177.124,-74.280,15.198
0.590,0.242,0.840,185.120,-77.881,25.391
0.499,0.183,1.000,172.302,-82.275,50.720
0.432,0.206,1.062,124.573,-83.679,57.922
0.324,0.284,1.075,99.365,-77.515,51.270
0.309,0.312,1.043,64.636,-47.119,30.762
0.319,0.312,0.967,54.932,-28.320,22.034
0.329,0.303,0.936,41.504,-5.005,9.888
0.343,0.302,0.885,30.701,-3.601,1.343
0.341,0.322,0.878,27.039,-7.141,-3.113
0.348,0.313,0.891,23.621,-16.296,-13.245
0.371,0.265,0.927,22.705,-23.193,-17.029
0.369,0.246,0.940,21.545,-36.377,-18.311
0.348,0.231,0.967,22.156,-37.231,-16.357
0.334,0.228,0.971,22.278,-26.550,-9.583
0.331,0.243,0.948,20.996,-18.982,-7.019
0.336,0.255,0.928,21.484,-7.446,-3.601
0.356,0.265,0.908,23.010,-4.517,-3.052
0.459,0.282,0.957,30.457,-6.348,1.221
0.579,0.227,1.374,32.959,-14.587,8.606
0.347,0.183,1.401,3.723,-40.283,5.981
0.215,0.270,0.983,-3.052,-24.109,1.038
0.270,0.314,0.863,21.790,33.875,4.395
0.318,0.303,0.764,29.968,42.114,3.967
0.372,0.262,0.794,24.048,37.842,-3.052
0.388,0.237,0.829,17.090,19.714,-9.521
0.396,0.185,0.876,19.348,8.911,-9.888
0.409,0.154,0.900,39.124,-3.235,0.366
0.404,0.095,0.948,49.683,-2.930,9.399
0.383,0.090,0.958,48.828,1.953,22.766
0.341,0.122,0.970,37.537,3.540,24.231
0.328,0.138,0.968,13.123,4.456,18.188
0.326,0.162,0.944,4.822,5.066,12.939
0.343,0.169,0.935,-3.723,5.615,4.761
0.373,0.172,0.927,-5.310,4.028,2.869
0.373,0.172,0.915,-5.615,-0.305,2.441
0.369,0.187,0.888,-3.967,-0.427,3.418
0.369,0.198,0.895,-1.099,0.183,3.906
0.369,0.196,0.905,-1.282,-1.038,0.916
0.367,0.183,0.912,-2.014,-1.465,-0.610
0.375,0.178,0.912,-2.319,-1.526,-1.343
0.373,0.178,0.912,-1.099,-1.343,-0.122
0.365,0.181,0.911,-0.671,-0.916,0.183
0.364,0.182,0.907,-1.160,0.000,-0.305
0.368,0.180,0.905,-3.052,-1.099,-1.526
0.376,0.176,0.909,-3.174,-2.075,-1.648
0.383,0.172,0.911,-0.549,-1.404,-0.610
0.382,0.171,0.907,0.671,-0.549,0.244
0.380,0.171,0.902,0.977,0.793,1.587
0.375,0.176,0.896,-0.061,0.366,1.709
0.370,0.185,0.903,-1.953,-1.770,1.282
0.368,0.186,0.910,0.671,-1.892,1.343
0.362,0.182,0.922,2.014,-1.587,1.343
0.360,0.179,0.924,2.502,-0.549,1.343
0.358,0.182,0.916,1.953,0.061,1.282
0.358,0.186,0.907,0.549,0.732,0.793
0.360,0.187,0.903,-0.427,0.000,0.610
0.368,0.178,0.913,-0.732,-1.099,0.793
0.371,0.173,0.914,0.732,-0.793,0.977
0.369,0.173,0.916,0.671,-0.793,1.099
0.368,0.174,0.917,0.183,0.305,1.343
0.364,0.177,0.910,0.488,1.160,1.465
0.363,0.182,0.907,1.160,2.136,1.404
0.360,0.187,0.911,1.160,1.831,0.916
0.359,0.186,0.915,0.854,1.038,-0.427

0.416,-0.464,2.372,-66.772,61.157,46.570
0.422,-0.432,2.770,-206.116,50.903,95.520
0.086,-0.022,3.282,-299.988,46.509,96.680
-0.105,0.116,3.111,-463.867,114.807,26.367
0.012,0.082,2.969,-575.256,191.589,-64.392
0.109,0.167,2.573,-630.127,199.951,-94.788
0.061,0.242,2.158,-730.041,236.328,-159.241
0.033,0.023,0.922,-748.779,271.362,-199.524
0.102,-0.261,0.374,-701.965,304.932,-258.118
0.207,-0.776,-0.077,-655.762,289.307,-254.822
0.111,-1.124,-0.288,-551.758,257.629,-188.721
0.051,-1.215,-0.446,-483.765,225.342,-103.577
-0.050,-1.221,-0.777,-463.440,192.444,-78.064
-0.142,-1.210,-0.923,-403.809,139.282,-50.171
-0.370,-1.257,-1.206,-366.272,132.141,-42.053
-0.519,-1.335,-1.514,-285.706,123.535,-53.650
-0.524,-1.358,-1.707,-193.726,84.595,-95.520
-0.256,-1.271,-2.121,-139.465,53.284,-116.150
0.246,-0.906,-2.138,-9.155,-14.038,-122.314
0.427,-0.760,-1.874,65.125,-33.813,-99.976
0.589,-0.591,-1.113,182.922,-46.265,-21.240
0.611,-0.486,-0.791,217.102,-69.275,52.002
0.582,-0.161,-0.351,211.121,-80.688,75.134
0.552,-0.011,-0.230,180.176,-85.510,93.018
0.477,0.204,-0.217,153.137,-82.825,86.182
0.455,0.297,-0.310,100.647,-75.623,48.401
0.515,0.425,-0.525,89.844,-68.359,25.696
0.570,0.437,-0.576,102.356,-61.035,-5.066
0.644,0.341,-0.684,116.577,-64.880,-10.498
0.676,0.271,-0.695,138.428,-54.687,-8.484
0.731,0.176,-0.650,144.287,-50.415,-1.892
0.740,0.159,-0.625,150.635,-59.692,17.700
0.703,0.182,-0.568,153.320,-68.054,28.015
0.676,0.210,-0.551,164.551,-80.750,41.626
0.618,0.266,-0.515,174.988,-84.290,44.189
0.606,0.276,-0.458,201.050,-86.487,41.321
0.630,0.278,-0.416,224.182,-89.905,35.828
0.695,0.296,-0.298,233.643,-93.445,35.095
0.709,0.313,-0.225,249.512,-99.121,39.612
0.646,0.332,-0.082,253.540,-100.525,42.236
0.606,0.336,-0.046,252.563,-101.318,39.246
0.639,0.395,0.006,251.526,-101.746,34.241
0.646,0.449,0.153,259.705,-108.032,29.175
0.591,0.430,0.252,260.559,-113.464,33.264
0.533,0.403,0.412,254.578,-109.863,34.363
0.539,0.404,0.494,247.803,-85.571,29.419
0.569,0.366,0.708,240.540,-70.557,25.879
0.582,0.353,0.742,202.148,-65.186,19.043
0.694,0.395,0.767,179.260,-69.824,15.564
0.734,0.423,0.786,155.762,-113.647,18.494
0.729,0.458,0.795,166.138,-138.184,40.100
0.649,0.427,1.050,174.011,-139.709,54.504
0.572,0.414,1.132,165.344,-146.240,68.298
0.430,0.475,1.230,153.870,-144.714,65.613
0.370,0.491,1.266,126.770,-119.385,43.884
0.275,0.470,1.213,108.459,-97.778,30.701
0.274,0.483,1.126,75.073,-42.664,8.118
0.365,0.515,0.955,68.481,-17.578,-2.686
0.458,0.467,0.883,67.200,1.465,-17.883
0.485,0.433,0.863,63.782,-15.686,-25.757
0.510,0.371,0.851,64.697,-26.062,-27.405
0.511,0.334,0.847,71.655,-41.321,-24.048
0.507,0.263,0.856,74.707,-46.082,-20.020
0.587,0.283,0.873,82.275,-51.331,-7.324
1.123,0.187,1.512,91.003,-57.922,11.780
0.652,0.092,1.781,32.227,-124.939,22.461
0.140,0.282,1.088,6.165,-122.192,2.563
0.253,0.413,0.809,39.856,10.071,1.648
0.237,0.380,0.781,60.669,44.067,-0.854
0.255,0.322,0.744,50.720,38.452,-14.099
0.326,0.279,0.827,23.560,23.132,-31.799
0.446,0.164,0.978,13.672,8.545,-32.959
0.445,0.118,0.994,-0.854,-16.296,-18.616
0.422,0.134,0.971,4.944,-10.742,-0.916
0.417,0.189,0.906,12.878,-1.343,2.014
0.422,0.210,0.877,18.127,16.296,0.488
0.446,0.197,0.854,13.367,23.437,0.000
0.451,0.187,0.844,-2.991,25.757,-1.343
0.472,0.203,0.818,-10.071,20.508,-2.502
0.491,0.210,0.824,-12.695,4.089,-1.892
0.487,0.221,0.843,-8.667,-4.517,0.183
0.441,0.247,0.853,4.395,-13.062,4.089
0.422,0.256,0.857,10.498,-11.475,4.150
0.413,0.246,0.869,13.794,-2.991,0.366
0.412,0.235,0.871,5.981,0.244,-5.432
0.419,0.225,0.877,2.380,-0.488,-7.568
0.423,0.217,0.885,2.075,-4.578,-8.850
0.428,0.198,0.897,4.456,-6.470,-7.812
0.425,0.189,0.905,8.301,-6.653,-3.662
0.415,0.177,0.900,7.996,-5.066,-2.075
0.414,0.177,0.894,3.296,-0.244,-0.244
0.415,0.188,0.887,0.916,1.587,0.000
0.419,0.191,0.887,0.000,4.456,-0.122
0.429,0.193,0.881,0.671,4.517,-0.244
0.429,0.196,0.881,1.709,2.869,-0.061
0.428,0.194,0.885,2.136,2.625,-0.488
0.435,0.189,0.877,1.038,3.052,-0.854
0.437,0.190,0.871,-3.479,1.465,-1.343
0.441,0.193,0.865,-4.639,0.488,-1.099
0.443,0.196,0.867,-2.441,-0.793,0.427
0.433,0.205,0.870,-0.793,-1.404,1.099
0.428,0.207,0.874,1.099,-1.343,1.709
0.422,0.207,0.878,0.916,-1.221,1.587
0.420,0.215,0.882,-0.183,-0.793,0.671
0.423,0.214,0.882,0.061,-0.183,0.061
0.427,0.210,0.881,1.465,0.854,-0.732
0.430,0.200,0.879,1.770,0.854,-0.854
0.430,0.193,0.878,1.099,0.183,-0.793
0.426,0.193,0.878,0.488,-0.366,-0.427
0.422,0.195,0.880,0.549,0.000,-0.305
0.424,0.194,0.882,0.244,0.610,-0.366
0.429,0.191,0.882,-0.183,0.671,-0.183
0.432,0.194,0.875,-1.099,0.305,0.671
0.433,0.198,0.875,-1.770,-1.404,1.404
0.429,0.207,0.877,-1.953,-2.441,1.404
0.426,0.209,0.878,-0.427,-1.953,1.221
0.423,0.208,0.879,0.671,-0.916,1.038
0.422,0.208,0.879,1.282,1.038,0.183
0.428,0.201,0.875,0.305,1.587,-0.610

0.314,-0.324,2.442,-249.451,129.761,42.297
0.299,-0.174,2.355,-413.513,119.080,40.588
0.325,0.642,1.831,-462.158,88.867,14.709
0.365,1.066,1.575,-429.443,64.697,-52.551
0.329,1.011,1.572,-337.769,121.765,-96.558
0.352,0.809,1.562,-314.026,164.124,-103.149
0.369,0.715,1.504,-325.195,217.590,-112.671
0.406,0.452,1.019,-348.267,223.816,-125.732
0.427,0.339,0.741,-374.268,225.464,-150.085
0.504,0.092,0.391,-366.638,232.178,-150.208
0.504,-0.011,0.225,-345.764,225.464,-132.385
0.352,-0.192,-0.059,-336.853,207.092,-119.568
0.196,-0.388,-0.082,-322.449,165.161,-98.633
0.107,-0.512,-0.086,-310.974,153.015,-80.200
-0.063,-0.689,-0.270,-318.604,159.241,-75.623
-0.112,-0.733,-0.433,-346.374,180.481,-83.801
-0.102,-0.761,-0.813,-348.572,187.012,-96.802
-0.049,-0.743,-1.047,-299.927,190.063,-126.099
0.138,-0.697,-1.507,-249.634,186.096,-133.728
0.289,-0.688,-1.797,-120.850,147.583,-124.695
0.339,-0.714,-1.816,-13.184,82.275,-87.891
0.423,-0.747,-1.695,15.747,49.072,-64.331
0.460,-0.702,-1.600,33.997,-7.446,-13.672
0.493,-0.439,-1.416,36.438,-27.710,8.911
0.490,-0.269,-1.294,58.533,-51.331,42.603
0.525,0.032,-0.996,79.163,-55.115,53.223
0.561,0.149,-0.827,121.582,-63.171,64.392
0.574,0.257,-0.523,135.742,-67.444,66.162
0.561,0.258,-0.410,132.507,-65.857,62.134
0.488,0.257,-0.311,114.258,-61.707,56.091
0.458,0.269,-0.350,63.171,-59.814,34.119
0.437,0.292,-0.546,41.992,-52.795,17.639
0.467,0.300,-0.646,32.227,-37.354,-13.794
0.561,0.273,-0.795,45.715,-32.410,-22.461
0.598,0.228,-0.820,92.651,-33.203,-23.315
0.632,0.126,-0.776,114.441,-39.673,-18.738
0.632,0.084,-0.723,142.090,-59.570,-8.240
0.613,0.022,-0.626,151.062,-69.458,-3.662
0.611,0.003,-0.573,163.696,-84.351,4.517
0.606,0.008,-0.554,169.800,-97.351,10.925
0.573,0.024,-0.539,170.715,-104.675,13.794
0.576,0.047,-0.540,175.232,-118.591,20.081
0.660,0.156,-0.488,183.228,-125.183,24.353
0.685,0.214,-0.415,213.684,-143.616,35.706
0.652,0.250,-0.213,230.652,-153.076,41.016
0.622,0.251,-0.115,253.479,-161.804,45.959
0.603,0.270,0.060,256.470,-160.400,45.471
0.631,0.285,0.126,255.066,-149.536,42.786
0.688,0.321,0.277,253.784,-142.822,43.213
0.706,0.340,0.387,251.404,-136.902,44.617
0.712,0.348,0.507,239.319,-131.775,46.936
0.664,0.363,0.624,227.844,-126.587,47.791
0.654,0.380,0.657,203.796,-129.211,49.194
0.691,0.420,0.631,201.721,-135.071,48.096
0.738,0.412,0.665,227.112,-151.611,54.199
0.702,0.298,1.000,240.845,-166.138,64.026
0.495,0.240,1.356,216.370,-185.791,83.008
0.402,0.277,1.447,144.409,-171.509,72.815
0.303,0.385,1.395,116.333,-154.236,58.594
0.311,0.452,1.308,94.482,-101.746,35.217
0.377,0.504,1.176,98.755,-72.998,27.771
0.401,0.467,1.137,110.168,-33.081,15.503
0.448,0.396,1.051,107.300,-23.865,9.888
0.484,0.389,0.953,89.600,-21.545,2.563
0.484,0.401,0.910,78.308,-28.625,-2.563
0.473,0.388,0.860,83.130,-29.602,-6.104
0.462,0.354,0.853,107.971,-22.583,-11.780
0.439,0.272,0.840,118.347,-14.526,-12.390
0.444,0.239,0.824,121.704,-1.953,-12.817
0.477,0.157,0.804,116.699,-1.587,-11.719
0.615,0.130,0.829,94.177,-17.090,-4.211
1.041,0.105,1.103,101.501,-54.138,19.653
0.546,-0.072,1.803,83.801,-90.149,32.837
0.169,-0.036,1.491,20.569,-105.103,12.085
0.222,0.168,0.980,42.175,-30.396,2.197
0.220,0.226,0.812,87.524,58.228,7.751
0.229,0.177,0.758,79.468,54.810,3.479
0.321,0.083,0.883,26.672,34.546,-16.846
0.368,0.091,0.933,-17.639,0.732,-34.546
0.439,0.087,0.992,-21.301,-11.475,-37.354
0.442,0.046,1.008,-6.592,-16.602,-34.668
0.480,-0.043,0.959,0.549,-11.719,-31.311
0.512,-0.047,0.920,3.906,3.174,-17.395
0.524,-0.035,0.866,-0.244,10.864,-7.629
0.504,-0.010,0.848,-14.526,21.362,4.700
0.477,0.057,0.810,-19.043,23.315,6.836
0.463,0.100,0.814,-16.418,15.747,9.766
0.454,0.109,0.842,-6.836,-1.892,9.705
0.432,0.101,0.910,-4.517,-10.864,7.690
0.418,0.099,0.930,-5.859,-20.874,2.380
0.401,0.107,0.931,-6.042,-19.043,0.488
0.398,0.104,0.924,-3.662,-5.493,-0.854
0.403,0.103,0.896,-2.625,1.648,-0.977
0.418,0.101,0.896,-0.610,10.986,-0.732
0.425,0.100,0.897,0.427,10.376,-0.732
0.439,0.092,0.897,0.610,7.812,-1.038
0.442,0.084,0.896,-0.183,2.075,-1.892
0.448,0.076,0.889,-1.099,0.671,-1.770
0.453,0.074,0.888,-3.601,2.014,-0.244
0.456,0.069,0.887,-4.761,3.723,0.671
0.455,0.071,0.884,-6.470,6.531,2.747
0.448,0.090,0.874,-7.324,5.981,3.479
0.441,0.104,0.873,-6.531,1.465,3.479
0.432,0.123,0.876,-4.456,-0.610,2.930
0.436,0.122,0.887,-0.122,-2.747,1.404
0.439,0.105,0.907,0.366,-2.869,0.427
0.441,0.119,0.874,-1.526,-1.160,-1.221
0.444,0.123,0.865,-0.122,-0.366,-0.671
0.444,0.110,0.873,1.587,-0.977,-0.366
0.446,0.106,0.884,3.662,-1.770,0.549
0.437,0.105,0.900,4.211,-1.465,0.977
0.432,0.102,0.899,4.944,1.038,0.366
0.430,0.090,0.892,4.333,1.831,-0.427
0.431,0.084,0.889,1.831,1.709,-1.892
0.436,0.077,0.895,0.854,1.282,-2.075
0.438,0.076,0.897,-0.122,-0.427,-1.587
0.436,0.079,0.898,0.427,-0.732,-1.160
0.433,0.082,0.896,1.709,0.488,-0.732
0.438,0.087,0.887,0.122,1.526,-0.793

0.468,-0.391,2.500,-18.982,89.722,40.466
0.472,-0.506,2.918,-160.339,64.697,32.288
0.331,-0.585,3.378,-278.625,39.612,17.029
0.047,-0.294,3.140,-515.808,38.208,-29.968
-0.075,-0.066,2.854,-621.460,156.616,-87.952
-0.150,0.213,2.090,-621.094,236.755,-120.178
-0.091,0.160,1.722,-583.984,373.047,-189.514
0.043,-0.303,1.052,-567.444,416.443,-213.745
0.070,-0.860,0.373,-562.073,437.622,-222.717
-0.010,-1.057,0.138,-590.637,388.916,-181.396
-0.201,-1.275,-0.269,-604.492,353.027,-153.931
-0.239,-1.281,-0.515,-578.186,288.269,-106.689
-0.163,-1.104,-1.130,-530.518,262.817,-94.788
-0.062,-1.037,-1.330,-391.174,212.891,-85.144
-0.089,-1.144,-1.253,-263.123,179.382,-63.293
-0.208,-1.348,-1.201,-222.351,175.537,-50.964
-0.258,-1.351,-1.321,-179.260,149.536,-37.903
-0.311,-1.159,-1.698,-160.706,120.056,-40.771
-0.141,-0.832,-1.974,-83.313,42.175,-62.134
0.017,-0.698,-1.961,53.040,-29.785,-65.796
0.236,-0.571,-1.542,117.432,-52.734,-52.307
0.281,-0.535,-1.252,192.505,-74.707,-15.320
0.379,-0.388,-0.793,204.895,-81.970,0.305
0.436,-0.288,-0.651,201.904,-88.196,20.935
0.512,-0.130,-0.481,194.763,-87.219,27.222
0.529,-0.067,-0.500,171.631,-90.393,31.250
0.550,-0.031,-0.531,144.043,-115.112,23.315
0.640,0.085,-0.590,139.099,-137.146,18.555
0.655,0.122,-0.591,146.545,-144.531,17.334
0.646,0.122,-0.520,155.823,-132.385,20.874
0.627,0.104,-0.521,176.880,-108.215,28.748
0.567,0.029,-0.548,180.969,-101.257,31.311
0.545,0.007,-0.586,170.593,-110.718,29.846
0.654,0.093,-0.653,166.077,-122.681,27.710
0.723,0.156,-0.612,184.814,-148.743,31.677
0.726,0.170,-0.431,204.163,-159.546,38.879
0.686,0.157,-0.344,242.798,-170.532,53.955
0.601,0.119,-0.202,256.531,-170.471,58.105
0.656,0.100,-0.097,271.729,-166.077,59.265
0.733,0.129,-0.033,284.485,-173.767,62.988
0.848,0.213,0.228,298.645,-187.622,67.993
0.845,0.231,0.457,351.929,-223.206,84.717
0.676,0.111,0.996,376.526,-228.210,94.910
0.584,0.042,1.231,361.084,-207.458,106.628
0.423,0.021,1.511,313.965,-182.556,105.286
0.379,0.098,1.508,172.974,-127.502,87.708
0.422,0.363,1.205,108.521,-101.807,69.763
0.505,0.481,1.053,52.490,-69.946,31.006
0.580,0.543,0.901,60.608,-70.740,18.921
0.578,0.506,0.880,97.107,-68.726,16.418
0.597,0.415,0.887,109.131,-68.481,21.484
0.585,0.398,0.901,110.229,-84.900,30.884
0.468,0.386,0.996,98.938,-91.980,31.372
0.408,0.399,0.996,64.209,-82.581,17.944
0.393,0.446,0.864,55.420,-64.514,6.897
0.434,0.433,0.795,69.763,-20.569,-10.925
0.542,0.328,0.799,84.106,-9.399,-13.977
0.571,0.268,0.858,102.478,-22.278,-9.399
0.558,0.177,0.962,102.844,-37.170,-4.272
0.521,0.178,1.010,89.600,-61.218,6.531
0.414,0.203,1.059,80.688,-63.416,7.141
0.380,0.198,1.034,63.599,-52.368,-0.549
0.387,0.173,0.942,59.937,-41.016,-3.662
0.693,0.155,1.000,74.768,-14.404,1.465
1.037,0.060,1.342,97.961,-7.935,16.785
0.402,-0.054,1.663,91.858,-48.035,35.706
0.248,0.068,1.248,36.926,-46.631,15.320
0.344,0.268,0.891,41.565,3.967,20.813
0.318,0.238,0.787,51.208,46.387,18.066
0.333,0.208,0.734,24.780,36.316,-5.859
0.425,0.156,0.774,10.925,28.015,-13.855
0.472,0.141,0.818,-8.728,-0.427,-22.400
0.509,0.118,0.916,-11.719,-15.686,-23.865
0.490,0.108,0.943,-6.470,-32.043,-23.804
0.460,0.108,0.954,-1.160,-26.855,-22.400
0.445,0.115,0.942,7.446,-4.578,-25.635
0.420,0.115,0.886,9.399,7.263,-30.151
0.434,0.070,0.859,8.240,22.278,-33.264
0.455,0.041,0.861,7.812,24.048,-30.396
0.484,0.016,0.877,9.888,18.860,-20.081
0.510,-0.002,0.884,9.094,11.963,-15.686
0.495,0.024,0.866,5.188,-0.427,-11.780
0.478,0.041,0.858,5.737,-1.099,-11.230
0.479,0.035,0.848,6.165,1.831,-10.376
0.491,0.021,0.841,5.188,4.272,-3.845
0.495,0.038,0.860,4.395,3.174,1.160
0.479,0.057,0.884,3.357,-1.709,7.080
0.443,0.082,0.895,3.052,-3.906,6.409
0.443,0.080,0.892,0.977,-6.348,2.563
0.447,0.070,0.885,-1.709,-7.324,0.977
0.453,0.068,0.885,-6.042,-4.272,-0.366
0.465,0.062,0.900,-6.042,-1.099,-0.244
0.467,0.061,0.898,-4.333,4.272,0.549
0.470,0.062,0.890,-4.333,5.798,1.465
0.475,0.064,0.868,-5.432,4.639,1.709
0.477,0.066,0.862,-7.629,1.038,2.075
0.474,0.072,0.857,-7.385,0.122,2.319
0.474,0.074,0.859,-3.967,1.709,2.563
0.470,0.088,0.871,-1.587,3.418,2.930
0.468,0.096,0.887,5.066,9.460,2.625
0.462,0.087,0.900,8.057,12.573,1.892
0.462,0.078,0.897,8.850,17.212,1.221
0.469,0.071,0.873,8.057,18.555,1.587
0.468,0.077,0.856,3.723,18.860,2.686
0.486,0.083,0.855,4.150,19.287,2.563
0.499,0.069,0.853,8.301,18.921,1.587
0.511,0.050,0.839,6.531,16.602,1.465
0.523,0.050,0.846,-1.770,9.460,2.380
0.521,0.059,0.863,-5.188,5.554,2.502
0.503,0.084,0.844,-6.042,2.014,2.747
0.500,0.086,0.846,-2.075,3.418,2.747
0.492,0.086,0.839,-1.892,2.991,1.831
0.496,0.088,0.837,-1.648,3.235,0.854
0.511,0.074,0.848,-0.244,3.479,0.671
0.516,0.067,0.851,0.671,1.282,0.366
0.520,0.062,0.863,-0.366,-0.427,0.366
0.517,0.065,0.863,-2.502,-2.686,0.793
0.505,0.078,0.861,-2.991,-2.502,1.282
0.497,0.083,0.858,-2.319,-0.366,1.770

